path,label,class,group,generator,split,sr,duration
Real_Audios\real_001.wav,0,real,file:real_001,bonafide,test,44100,479.0770068027211
Real_Audios\real_002.wav,0,real,file:real_002,bonafide,train,44100,2170.322721088435
Real_Audios\real_003.wav,0,real,file:real_003,bonafide,train,48000,61.73866666666667
Real_Audios\real_004.wav,0,real,file:real_004,bonafide,test,48000,32.29866666666667
Real_Audios\real_005.wav,0,real,file:real_005,bonafide,train,44100,60.99591836734694
Real_Audios\real_006.wav,0,real,file:real_006,bonafide,val,44100,33.41061224489796
Real_Audios\real_007.wav,0,real,file:real_007,bonafide,train,22050,209.97006802721089
Real_Audios\real_008.wav,0,real,file:real_008,bonafide,train,48000,63.76533333333333
Real_Audios\real_009.wav,0,real,file:real_009,bonafide,val,48000,74.58133333333333
Real_Audios\real_010.wav,0,real,file:real_010,bonafide,train,44100,58.9061224489796
Real_Audios\real_011.wav,0,real,file:real_011,bonafide,train,44100,70.79183673469387
Real_Audios\real_012.wav,0,real,file:real_012,bonafide,test,48000,71.46666666666667
Real_Audios\real_013.wav,0,real,file:real_013,bonafide,test,48000,38.31466666666667
Real_Audios\real_014.wav,0,real,file:real_014,bonafide,train,48000,91.84
Real_Audios\real_015.wav,0,real,file:real_015,bonafide,test,44100,40.09795918367347
Real_Audios\real_016.wav,0,real,file:real_016,bonafide,train,44100,64.47020408163266
Real_Audios\real_017.wav,0,real,file:real_017,bonafide,train,44100,93.12653061224488
Real_Audios\real_018.wav,0,real,file:real_018,bonafide,train,22050,269.19242630385486
Real_Audios\real_019.wav,0,real,file:real_019,bonafide,train,24000,6.656
Real_Audios\real_020.wav,0,real,file:real_020,bonafide,train,24000,6.229333333333333
Real_Audios\real_021.wav,0,real,file:real_021,bonafide,train,24000,5.930666666666666
Real_Audios\real_022.wav,0,real,file:real_022,bonafide,train,44100,175.59510204081633
Real_Audios\real_023.wav,0,real,file:real_023,bonafide,train,44100,182.56979591836733
Real_Audios\real_024.wav,0,real,file:real_024,bonafide,test,16000,11.053
Real_Audios\real_025.wav,0,real,file:real_025,bonafide,train,16000,10.69275
Real_Audios\real_026.wav,0,real,file:real_026,bonafide,train,16000,12.759
Real_Audios\real_027.wav,0,real,file:real_027,bonafide,train,16000,12.813
Real_Audios\real_028.wav,0,real,file:real_028,bonafide,train,16000,11.356
Real_Audios\real_029.wav,0,real,file:real_029,bonafide,train,16000,10.591
Real_Audios\real_030.wav,0,real,file:real_030,bonafide,train,16000,11.309
Real_Audios\real_031.wav,0,real,file:real_031,bonafide,train,16000,12.115
Real_Audios\real_032.wav,0,real,file:real_032,bonafide,train,16000,12.467
Real_Audios\real_033.wav,0,real,file:real_033,bonafide,train,16000,12.037
Real_Audios\real_034.wav,0,real,file:real_034,bonafide,train,22050,270.98702947845806
Real_Audios\real_035.wav,0,real,file:real_035,bonafide,train,22050,513.2602267573697
Real_Audios\real_036.wav,0,real,file:real_036,bonafide,test,22050,262.01396825396824
Real_Audios\real_037.wav,0,real,file:real_037,bonafide,train,22050,631.7048979591837
Real_Audios\real_038.wav,0,real,file:real_038,bonafide,train,24000,6.272
Real_Audios\real_039.wav,0,real,file:real_039,bonafide,train,44100,205.40244897959184
Real_Audios\real_040.wav,0,real,file:real_040,bonafide,val,44100,198.8282993197279
Real_Audios\real_041.wav,0,real,file:real_041,bonafide,train,48000,7.104
Real_Audios\real_042.wav,0,real,file:real_042,bonafide,train,48000,98.70933333333332
Real_Audios\real_043.wav,0,real,file:real_043,bonafide,train,48000,127.744
Real_Audios\real_044.wav,0,real,file:real_044,bonafide,test,44100,80.09142857142857
Real_Audios\real_045.wav,0,real,file:real_045,bonafide,train,44100,112.40489795918369
Real_Audios\real_046.wav,0,real,file:real_046,bonafide,train,44100,183.20308390022677
Real_Audios\real_047.wav,0,real,file:real_047,bonafide,val,44100,172.38403628117914
Real_Audios\real_048.wav,0,real,file:real_048,bonafide,val,24000,5.418666666666667
Real_Audios\real_049.wav,0,real,file:real_049,bonafide,train,22050,150.74775510204083
Real_Audios\real_050.wav,0,real,file:real_050,bonafide,test,48000,7.466666666666667
Real_Audios\real_051.wav,0,real,file:real_051,bonafide,train,48000,186.7089791666667
Real_Audios\real_052.wav,0,real,file:real_052,bonafide,test,48000,405.64875
Real_Audios\real_053.wav,0,real,file:real_053,bonafide,train,48000,215.66566666666668
Real_Audios\real_054.wav,0,real,file:real_054,bonafide,test,48000,13.079708333333333
Real_Audios\real_055.wav,0,real,file:real_055,bonafide,val,48000,14.6145625
Real_Audios\real_056.wav,0,real,file:real_056,bonafide,train,48000,13.913916666666667
Real_Audios\real_057.wav,0,real,file:real_057,bonafide,val,48000,13.179833333333333
Real_Audios\real_058.wav,0,real,file:real_058,bonafide,val,48000,13.947270833333333
Real_Audios\real_059.wav,0,real,file:real_059,bonafide,val,48000,13.7804375
Real_Audios\real_060.wav,0,real,file:real_060,bonafide,train,48000,15.58225
Real_Audios\real_061.wav,0,real,file:real_061,bonafide,test,48000,14.180833333333334
Real_Audios\real_062.wav,0,real,file:real_062,bonafide,val,48000,13.046395833333332
Real_Audios\real_063.wav,0,real,file:real_063,bonafide,train,48000,14.7814375
Real_Audios\real_064.wav,0,real,file:real_064,bonafide,val,48000,12.612625
Real_Audios\real_065.wav,0,real,file:real_065,bonafide,train,48000,14.414416666666666
Real_Audios\real_066.wav,0,real,file:real_066,bonafide,train,48000,12.579208333333334
Real_Audios\real_067.wav,0,real,file:real_067,bonafide,test,48000,13.847166666666666
Real_Audios\real_068.wav,0,real,file:real_068,bonafide,train,48000,13.646958333333334
Real_Audios\real_069.wav,0,real,file:real_069,bonafide,train,48000,14.647979166666667
Real_Audios\real_070.wav,0,real,file:real_070,bonafide,test,48000,14.314291666666668
Real_Audios\real_071.wav,0,real,file:real_071,bonafide,val,48000,13.947291666666668
Real_Audios\real_072.wav,0,real,file:real_072,bonafide,train,48000,13.2465625
Real_Audios\real_073.wav,0,real,file:real_073,bonafide,train,48000,14.014
Real_Audios\real_074.wav,0,real,file:real_074,bonafide,train,48000,15.081729166666667
Real_Audios\real_075.wav,0,real,file:real_075,bonafide,val,48000,14.2141875
Real_Audios\real_076.wav,0,real,file:real_076,bonafide,train,48000,15.048354166666666
Real_Audios\real_077.wav,0,real,file:real_077,bonafide,train,48000,14.58125
Real_Audios\real_078.wav,0,real,file:real_078,bonafide,train,48000,245.51529166666663
Real_Audios\real_079.wav,0,real,file:real_079,bonafide,train,48000,175.35591666666667
Real_Audios\real_080.wav,0,real,file:real_080,bonafide,test,24000,5.632
Real_Audios\real_081.wav,0,real,file:real_081,bonafide,val,22050,168.69392290249434
Real_Audios\real_082.wav,0,real,file:real_082,bonafide,test,48000,129.696
Real_Audios\real_083.wav,0,real,file:real_083,bonafide,train,44100,131.25140589569162
Real_Audios\real_084.wav,0,real,file:real_084,bonafide,train,44100,131.25140589569162
Real_Audios\real_085.wav,0,real,file:real_085,bonafide,train,22050,176.47056689342404
Real_Audios\real_086.wav,0,real,file:real_086,bonafide,train,48000,59.328
Real_Audios\real_087.wav,0,real,file:real_087,bonafide,test,44100,61.93632653061224
Real_Audios\real_088.wav,0,real,file:real_088,bonafide,train,22050,230.3090702947846
Real_Audios\real_089.wav,0,real,file:real_089,bonafide,train,44100,193.19002267573697
Real_Audios\real_090.wav,0,real,file:real_090,bonafide,train,44100,174.31219954648526
Real_Audios\real_091.wav,0,real,file:real_091,bonafide,train,44100,172.35755102040815
Real_Audios\real_092.wav,0,real,file:real_092,bonafide,train,44100,163.51945578231292
Real_Audios\real_093.wav,0,real,file:real_093,bonafide,train,24000,6.058666666666666
Real_Audios\real_094.wav,0,real,file:real_094,bonafide,test,48000,68.82133333333333
Real_Audios\real_095.wav,0,real,file:real_095,bonafide,test,48000,46.29333333333334
Real_Audios\real_096.wav,0,real,file:real_096,bonafide,train,44100,72.85551020408164
Real_Audios\real_097.wav,0,real,file:real_097,bonafide,train,44100,47.17714285714285
Real_Audios\real_098.wav,0,real,file:real_098,bonafide,test,44100,196.93913832199547
Real_Audios\real_099.wav,0,real,file:real_099,bonafide,val,44100,196.8302947845805
Real_Audios\real_100.wav,0,real,file:real_100,bonafide,train,44100,246.06185941043083
Real_Audios\real_101.wav,0,real,file:real_101,bonafide,train,44100,211.7427664399093
Real_Audios\real_102.wav,0,real,file:real_102,bonafide,train,44100,167.33369614512472
Real_Audios\real_103.wav,0,real,file:real_103,bonafide,train,44100,161.73913832199543
Real_Audios\real_104.wav,0,real,file:real_104,bonafide,train,22050,184.24725623582768
Real_Audios\real_105.wav,0,real,file:real_105,bonafide,train,22050,380.4586394557823
Real_Audios\real_106.wav,0,real,file:real_106,bonafide,val,48000,38.272
Real_Audios\real_107.wav,0,real,file:real_107,bonafide,val,48000,68.544
Real_Audios\real_108.wav,0,real,file:real_108,bonafide,train,48000,74.79466666666667
Real_Audios\real_109.wav,0,real,file:real_109,bonafide,test,48000,81.152
Real_Audios\real_110.wav,0,real,file:real_110,bonafide,train,48000,54.69866666666667
Real_Audios\real_111.wav,0,real,file:real_111,bonafide,train,48000,14.08
Real_Audios\real_112.wav,0,real,file:real_112,bonafide,test,48000,8.768
Real_Audios\real_113.wav,0,real,file:real_113,bonafide,val,48000,4.778666666666667
Real_Audios\real_114.wav,0,real,file:real_114,bonafide,val,48000,12.672
Real_Audios\real_115.wav,0,real,file:real_115,bonafide,train,48000,4.736
Real_Audios\real_116.wav,0,real,file:real_116,bonafide,train,48000,18.901333333333334
Real_Audios\real_117.wav,0,real,file:real_117,bonafide,train,48000,12.8
Real_Audios\real_118.wav,0,real,file:real_118,bonafide,train,48000,22.890666666666668
Real_Audios\real_119.wav,0,real,file:real_119,bonafide,train,48000,3.925333333333333
Real_Audios\real_120.wav,0,real,file:real_120,bonafide,train,48000,17.685333333333332
Real_Audios\real_121.wav,0,real,file:real_121,bonafide,train,48000,6.72
Real_Audios\real_122.wav,0,real,file:real_122,bonafide,train,48000,24.34133333333333
Real_Audios\real_123.wav,0,real,file:real_123,bonafide,train,48000,20.11733333333333
Real_Audios\real_124.wav,0,real,file:real_124,bonafide,train,48000,12.906666666666666
Real_Audios\real_125.wav,0,real,file:real_125,bonafide,train,48000,16.682666666666666
Real_Audios\real_126.wav,0,real,file:real_126,bonafide,train,48000,21.248
Real_Audios\real_127.wav,0,real,file:real_127,bonafide,train,48000,40.91733333333333
Real_Audios\real_128.wav,0,real,file:real_128,bonafide,train,48000,10.56
Real_Audios\real_129.wav,0,real,file:real_129,bonafide,train,48000,20.736
Real_Audios\real_130.wav,0,real,file:real_130,bonafide,val,48000,17.664
Real_Audios\real_131.wav,0,real,file:real_131,bonafide,train,48000,29.290666666666667
Real_Audios\real_132.wav,0,real,file:real_132,bonafide,train,48000,31.850666666666665
Real_Audios\real_133.wav,0,real,file:real_133,bonafide,test,48000,39.14666666666667
Real_Audios\real_134.wav,0,real,file:real_134,bonafide,val,48000,14.634666666666666
Real_Audios\real_135.wav,0,real,file:real_135,bonafide,train,48000,22.890666666666668
Real_Audios\real_136.wav,0,real,file:real_136,bonafide,val,48000,39.488
Real_Audios\real_137.wav,0,real,file:real_137,bonafide,val,48000,21.39733333333333
Real_Audios\real_138.wav,0,real,file:real_138,bonafide,test,48000,20.16
Real_Audios\real_139.wav,0,real,file:real_139,bonafide,train,48000,21.845333333333333
Real_Audios\real_140.wav,0,real,file:real_140,bonafide,val,48000,22.634666666666668
Real_Audios\real_141.wav,0,real,file:real_141,bonafide,train,48000,31.936
Real_Audios\real_142.wav,0,real,file:real_142,bonafide,val,48000,14.314666666666668
Real_Audios\real_143.wav,0,real,file:real_143,bonafide,train,48000,4.352
Real_Audios\real_144.wav,0,real,file:real_144,bonafide,train,48000,4.394666666666667
Real_Audios\real_145.wav,0,real,file:real_145,bonafide,train,48000,5.397333333333333
Real_Audios\real_146.wav,0,real,file:real_146,bonafide,train,48000,6.037333333333334
Real_Audios\real_147.wav,0,real,file:real_147,bonafide,train,48000,6.016
Real_Audios\real_148.wav,0,real,file:real_148,bonafide,train,48000,5.312
Real_Audios\real_149.wav,0,real,file:real_149,bonafide,test,48000,4.437333333333333
Real_Audios\real_150.wav,0,real,file:real_150,bonafide,test,48000,4.757333333333333
Real_Audios\real_151.wav,0,real,file:real_151,bonafide,train,48000,4.565333333333333
Real_Audios\real_152.wav,0,real,file:real_152,bonafide,val,48000,4.992
Real_Audios\real_153.wav,0,real,file:real_153,bonafide,test,48000,5.077333333333334
Real_Audios\real_154.wav,0,real,file:real_154,bonafide,train,48000,6.698666666666667
Real_Audios\real_155.wav,0,real,file:real_155,bonafide,train,48000,6.442666666666667
Real_Audios\real_156.wav,0,real,file:real_156,bonafide,val,48000,6.912
Real_Audios\real_157.wav,0,real,file:real_157,bonafide,train,48000,6.272
Real_Audios\real_158.wav,0,real,file:real_158,bonafide,train,48000,6.4
Real_Audios\real_159.wav,0,real,file:real_159,bonafide,val,48000,4.8853333333333335
Real_Audios\real_160.wav,0,real,file:real_160,bonafide,train,48000,6.634666666666667
Real_Audios\real_161.wav,0,real,file:real_161,bonafide,test,48000,5.717333333333333
Real_Audios\real_162.wav,0,real,file:real_162,bonafide,val,48000,7.402666666666667
Real_Audios\real_163.wav,0,real,file:real_163,bonafide,val,48000,5.888
Real_Audios\real_164.wav,0,real,file:real_164,bonafide,train,48000,6.485333333333333
Real_Audios\real_165.wav,0,real,file:real_165,bonafide,train,48000,7.04
Real_Audios\real_166.wav,0,real,file:real_166,bonafide,train,48000,5.994666666666666
Real_Audios\real_167.wav,0,real,file:real_167,bonafide,test,48000,6.421333333333333
Real_Audios\real_168.wav,0,real,file:real_168,bonafide,train,48000,6.314666666666667
Real_Audios\real_169.wav,0,real,file:real_169,bonafide,train,48000,5.9093333333333335
Real_Audios\real_170.wav,0,real,file:real_170,bonafide,train,48000,5.013333333333334
Real_Audios\real_171.wav,0,real,file:real_171,bonafide,train,48000,5.0986666666666665
Real_Audios\real_172.wav,0,real,file:real_172,bonafide,test,48000,5.333333333333333
Real_Audios\real_173.wav,0,real,file:real_173,bonafide,train,48000,5.930666666666666
Real_Audios\real_174.wav,0,real,file:real_174,bonafide,val,48000,5.184
Real_Audios\real_175.wav,0,real,file:real_175,bonafide,train,48000,4.437333333333333
Real_Audios\real_176.wav,0,real,file:real_176,bonafide,train,48000,4.48
Real_Audios\real_177.wav,0,real,file:real_177,bonafide,train,48000,5.866666666666666
Real_Audios\real_178.wav,0,real,file:real_178,bonafide,train,48000,5.397333333333333
Real_Audios\real_179.wav,0,real,file:real_179,bonafide,train,48000,4.117333333333334
Real_Audios\real_180.wav,0,real,file:real_180,bonafide,train,48000,5.226666666666667
Real_Audios\real_181.wav,0,real,file:real_181,bonafide,train,48000,5.525333333333333
Real_Audios\real_182.wav,0,real,file:real_182,bonafide,test,48000,5.76
Real_Audios\real_183.wav,0,real,file:real_183,bonafide,val,48000,7.381333333333333
Real_Audios\real_184.wav,0,real,file:real_184,bonafide,train,48000,4.693333333333333
Real_Audios\real_185.wav,0,real,file:real_185,bonafide,test,48000,8.576
Real_Audios\real_186.wav,0,real,file:real_186,bonafide,train,48000,5.184
Real_Audios\real_187.wav,0,real,file:real_187,bonafide,train,48000,4.458666666666667
Real_Audios\real_188.wav,0,real,file:real_188,bonafide,val,48000,5.0986666666666665
Real_Audios\real_189.wav,0,real,file:real_189,bonafide,train,48000,4.693333333333333
Real_Audios\real_190.wav,0,real,file:real_190,bonafide,train,48000,6.208
Real_Audios\real_191.wav,0,real,file:real_191,bonafide,train,48000,74.58133333333333
Real_Audios\real_192.wav,0,real,file:real_192,bonafide,train,44100,70.79183673469387
Real_Audios\real_193.wav,0,real,file:real_193,bonafide,train,48000,63.76533333333333
Real_Audios\real_194.wav,0,real,file:real_194,bonafide,train,48000,7.517833333333333
Real_Audios\real_195.wav,0,real,file:real_195,bonafide,train,48000,7.8535
Real_Audios\real_196.wav,0,real,file:real_196,bonafide,train,48000,6.4135
Real_Audios\real_197.wav,0,real,file:real_197,bonafide,val,48000,36.9935
Real_Audios\real_198.wav,0,real,file:real_198,bonafide,train,48000,29.5535
Real_Audios\real_199.wav,0,real,file:real_199,bonafide,train,48000,29.5535
Real_Audios\real_200.wav,0,real,file:real_200,bonafide,test,48000,55.3935
Real_Audios\real_201.wav,0,real,file:real_201,bonafide,train,48000,25.6735
Real_Audios\real_202.wav,0,real,file:real_202,bonafide,train,48000,119.2335
Real_Audios\real_203.wav,0,real,file:real_203,bonafide,test,48000,110.7135
Real_Audios\real_204.wav,0,real,file:real_204,bonafide,train,48000,250.2335
Real_Audios\real_205.wav,0,real,file:real_205,bonafide,train,48000,6.8935
Real_Audios\real_206.wav,0,real,file:real_206,bonafide,train,48000,34.6535
Real_Audios\real_207.wav,0,real,file:real_207,bonafide,val,48000,5.517833333333333
Real_Audios\real_208.wav,0,real,file:real_208,bonafide,val,48000,45.3335
Real_Audios\real_209.wav,0,real,file:real_209,bonafide,train,48000,123.2535
Real_Audios\real_210.wav,0,real,file:real_210,bonafide,train,48000,68.7535
Real_Audios\real_211.wav,0,real,file:real_211,bonafide,train,48000,91.6535
Real_Audios\real_212.wav,0,real,file:real_212,bonafide,test,48000,78.5935
Real_Audios\real_213.wav,0,real,file:real_213,bonafide,train,48000,124.3935
Real_Audios\real_214.wav,0,real,file:real_214,bonafide,train,48000,245.7935
Real_Audios\real_215.wav,0,real,file:real_215,bonafide,train,48000,64.2735
Real_Audios\real_216.wav,0,real,file:real_216,bonafide,train,48000,68.6735
Real_Audios\real_217.wav,0,real,file:real_217,bonafide,val,48000,54.5935
Real_Audios\real_218.wav,0,real,file:real_218,bonafide,train,48000,19.6735
Real_Audios\real_219.wav,0,real,file:real_219,bonafide,train,48000,57.5135
Real_Audios\real_220.wav,0,real,file:real_220,bonafide,train,48000,58.6335
Real_Audios\real_221.wav,0,real,file:real_221,bonafide,val,48000,8.7935
Real_Audios\real_222.wav,0,real,file:real_222,bonafide,train,48000,8.1535
Real_Audios\real_223.wav,0,real,file:real_223,bonafide,val,48000,10.5535
Real_Audios\real_224.wav,0,real,file:real_224,bonafide,train,48000,19.9935
Real_Audios\real_225.wav,0,real,file:real_225,bonafide,val,48000,47.5735
Real_Audios\real_226.wav,0,real,file:real_226,bonafide,train,48000,16.06
Real_Audios\real_227.wav,0,real,file:real_227,bonafide,test,48000,22.26
Real_Audios\real_228.wav,0,real,file:real_228,bonafide,train,48000,17.8503125
Real_Audios\real_229.wav,0,real,file:real_229,bonafide,train,48000,24.5735
Real_Audios\real_230.wav,0,real,file:real_230,bonafide,train,48000,24.4135
Real_Audios\real_231.wav,0,real,file:real_231,bonafide,train,48000,21.2735
Real_Audios\real_232.wav,0,real,file:real_232,bonafide,train,48000,123.8335
Real_Audios\real_233.wav,0,real,file:real_233,bonafide,train,48000,133.6735
Real_Audios\real_234.wav,0,real,file:real_234,bonafide,train,48000,51.72
Real_Audios\real_235.wav,0,real,file:real_235,bonafide,val,48000,32.44
Real_Audios\real_236.wav,0,real,file:real_236,bonafide,train,48000,6.437833333333334
Real_Audios\real_237.wav,0,real,file:real_237,bonafide,train,48000,137.8735
Real_Audios\real_238.wav,0,real,file:real_238,bonafide,train,48000,63.2335
Real_Audios\real_239.wav,0,real,file:real_239,bonafide,train,48000,15.7135
Real_Audios\real_240.wav,0,real,file:real_240,bonafide,train,48000,19.2535
Real_Audios\real_241.wav,0,real,file:real_241,bonafide,train,48000,27.8335
Real_Audios\real_242.wav,0,real,file:real_242,bonafide,test,48000,22.0535
Real_Audios\real_243.wav,0,real,file:real_243,bonafide,train,48000,17.9135
Real_Audios\real_244.wav,0,real,file:real_244,bonafide,train,48000,28.3535
Real_Audios\real_245.wav,0,real,file:real_245,bonafide,train,48000,14.6935
Real_Audios\real_246.wav,0,real,file:real_246,bonafide,train,48000,18.9735
Real_Audios\real_247.wav,0,real,file:real_247,bonafide,test,48000,8.017833333333334
Real_Audios\real_248.wav,0,real,file:real_248,bonafide,train,48000,28.3535
Real_Audios\real_249.wav,0,real,file:real_249,bonafide,train,48000,12.8135
Real_Audios\real_250.wav,0,real,file:real_250,bonafide,train,48000,98.1735
Real_Audios\real_251.wav,0,real,file:real_251,bonafide,train,48000,50.24
Real_Audios\real_252.wav,0,real,file:real_252,bonafide,train,48000,67.42
Real_Audios\real_253.wav,0,real,file:real_253,bonafide,train,48000,37.3735
Real_Audios\real_254.wav,0,real,file:real_254,bonafide,train,48000,38.7935
Real_Audios\real_255.wav,0,real,file:real_255,bonafide,val,48000,44.4735
Real_Audios\real_256.wav,0,real,file:real_256,bonafide,train,48000,44.4735
Real_Audios\real_257.wav,0,real,file:real_257,bonafide,train,48000,56.0135
Real_Audios\real_258.wav,0,real,file:real_258,bonafide,train,48000,2.3978333333333333
Real_Audios\real_259.wav,0,real,file:real_259,bonafide,val,48000,64.3535
Real_Audios\real_260.wav,0,real,file:real_260,bonafide,train,48000,54.5335
Real_Audios\real_261.wav,0,real,file:real_261,bonafide,train,48000,46.4535
Real_Audios\real_262.wav,0,real,file:real_262,bonafide,train,48000,48.4335
Real_Audios\real_263.wav,0,real,file:real_263,bonafide,train,48000,46.9535
Real_Audios\real_264.wav,0,real,file:real_264,bonafide,train,48000,45.8135
Real_Audios\real_265.wav,0,real,file:real_265,bonafide,train,48000,17.5935
Real_Audios\real_266.wav,0,real,file:real_266,bonafide,train,48000,18.0335
Real_Audios\real_267.wav,0,real,file:real_267,bonafide,val,48000,34.9335
Real_Audios\real_268.wav,0,real,file:real_268,bonafide,train,48000,36.0535
Real_Audios\real_269.wav,0,real,file:real_269,bonafide,train,48000,21.437833333333334
Real_Audios\real_270.wav,0,real,file:real_270,bonafide,train,48000,17.5335
Real_Audios\real_271.wav,0,real,file:real_271,bonafide,test,48000,70.7535
Real_Audios\real_272.wav,0,real,file:real_272,bonafide,val,48000,39.8935
Real_Audios\real_273.wav,0,real,file:real_273,bonafide,train,48000,39.8935
Real_Audios\real_274.wav,0,real,file:real_274,bonafide,train,48000,14.4135
Real_Audios\real_275.wav,0,real,file:real_275,bonafide,train,48000,11.0335
Real_Audios\real_276.wav,0,real,file:real_276,bonafide,train,48000,11.7535
Real_Audios\real_277.wav,0,real,file:real_277,bonafide,val,48000,15.3935
Real_Audios\real_278.wav,0,real,file:real_278,bonafide,train,48000,11.2335
Real_Audios\real_279.wav,0,real,file:real_279,bonafide,train,48000,19.6735
Real_Audios\real_280.wav,0,real,file:real_280,bonafide,val,48000,12.037833333333332
Real_Audios\real_281.wav,0,real,file:real_281,bonafide,train,48000,16.3935
Real_Audios\real_282.wav,0,real,file:real_282,bonafide,test,48000,11.1535
Real_Audios\real_283.wav,0,real,file:real_283,bonafide,train,48000,21.6735
Real_Audios\real_284.wav,0,real,file:real_284,bonafide,train,48000,46.8735
Real_Audios\real_285.wav,0,real,file:real_285,bonafide,train,48000,20.7935
Real_Audios\real_286.wav,0,real,file:real_286,bonafide,train,48000,110.2735
Real_Audios\real_287.wav,0,real,file:real_287,bonafide,test,48000,105.9535
Real_Audios\real_288.wav,0,real,file:real_288,bonafide,train,48000,31.3935
Real_Audios\real_289.wav,0,real,file:real_289,bonafide,train,48000,41.2535
Real_Audios\real_290.wav,0,real,file:real_290,bonafide,val,48000,52.7535
Real_Audios\real_291.wav,0,real,file:real_291,bonafide,train,48000,17.657833333333333
Real_Audios\real_292.wav,0,real,file:real_292,bonafide,train,48000,7.5135
Real_Audios\real_293.wav,0,real,file:real_293,bonafide,test,48000,14.7135
Real_Audios\real_294.wav,0,real,file:real_294,bonafide,train,48000,12.1135
Real_Audios\real_295.wav,0,real,file:real_295,bonafide,val,48000,22.3135
Real_Audios\real_296.wav,0,real,file:real_296,bonafide,test,48000,18.2335
Real_Audios\real_297.wav,0,real,file:real_297,bonafide,train,48000,15.1735
Real_Audios\real_298.wav,0,real,file:real_298,bonafide,train,48000,17.2735
Real_Audios\real_299.wav,0,real,file:real_299,bonafide,train,48000,50.0335
Real_Audios\real_300.wav,0,real,file:real_300,bonafide,train,48000,22.6535
Real_Audios\real_301.wav,0,real,file:real_301,bonafide,train,48000,15.4535
Real_Audios\real_302.wav,0,real,file:real_302,bonafide,train,48000,7.397833333333334
Real_Audios\real_303.wav,0,real,file:real_303,bonafide,train,48000,12.6535
Real_Audios\real_304.wav,0,real,file:real_304,bonafide,train,48000,9.3735
Real_Audios\real_305.wav,0,real,file:real_305,bonafide,train,48000,103.5935
Real_Audios\real_306.wav,0,real,file:real_306,bonafide,val,48000,7.1135
Real_Audios\real_307.wav,0,real,file:real_307,bonafide,test,48000,46.9735
Real_Audios\real_308.wav,0,real,file:real_308,bonafide,train,48000,155.4535
Real_Audios\real_309.wav,0,real,file:real_309,bonafide,test,48000,31.4935
Real_Audios\real_310.wav,0,real,file:real_310,bonafide,val,48000,108.1335
Real_Audios\real_311.wav,0,real,file:real_311,bonafide,train,48000,42.4935
Real_Audios\real_312.wav,0,real,file:real_312,bonafide,train,48000,28.6335
Real_Audios\real_313.wav,0,real,file:real_313,bonafide,train,48000,13.977833333333333
Real_Audios\real_314.wav,0,real,file:real_314,bonafide,train,48000,72.2335
Real_Audios\real_315.wav,0,real,file:real_315,bonafide,train,48000,121.5535
Real_Audios\real_316.wav,0,real,file:real_316,bonafide,test,48000,9.3935
Real_Audios\real_317.wav,0,real,file:real_317,bonafide,train,48000,48.9535
Real_Audios\real_318.wav,0,real,file:real_318,bonafide,train,48000,24.2335
Real_Audios\real_319.wav,0,real,file:real_319,bonafide,train,48000,24.5935
Real_Audios\real_320.wav,0,real,file:real_320,bonafide,train,48000,171.5135
Real_Audios\real_321.wav,0,real,file:real_321,bonafide,train,48000,51.5935
Real_Audios\real_322.wav,0,real,file:real_322,bonafide,test,48000,48.0735
Real_Audios\real_323.wav,0,real,file:real_323,bonafide,train,48000,124.9135
Real_Audios\real_324.wav,0,real,file:real_324,bonafide,train,48000,8.576
Real_Audios\real_325.wav,0,real,file:real_325,bonafide,test,48000,24.40533333333333
Real_Audios\real_326.wav,0,real,file:real_326,bonafide,train,48000,15.517833333333334
Real_Audios\real_327.wav,0,real,file:real_327,bonafide,val,48000,21.248
Real_Audios\real_328.wav,0,real,file:real_328,bonafide,train,48000,20.864
Real_Audios\real_329.wav,0,real,file:real_329,bonafide,train,48000,27.52
Real_Audios\real_330.wav,0,real,file:real_330,bonafide,test,48000,22.378666666666668
Real_Audios\real_331.wav,0,real,file:real_331,bonafide,val,48000,22.741333333333333
Real_Audios\real_332.wav,0,real,file:real_332,bonafide,test,48000,19.54133333333333
Real_Audios\real_333.wav,0,real,file:real_333,bonafide,train,48000,16.96
Real_Audios\real_334.wav,0,real,file:real_334,bonafide,train,48000,19.584
Real_Audios\real_335.wav,0,real,file:real_335,bonafide,train,48000,18.410666666666668
Real_Audios\real_336.wav,0,real,file:real_336,bonafide,val,48000,10.624
Real_Audios\real_337.wav,0,real,file:real_337,bonafide,train,48000,13.141333333333334
Real_Audios\real_338.wav,0,real,file:real_338,bonafide,train,48000,18.538666666666668
Real_Audios\real_339.wav,0,real,file:real_339,bonafide,val,48000,16.896
Real_Audios\real_340.wav,0,real,file:real_340,bonafide,train,48000,17.386666666666667
Real_Audios\real_341.wav,0,real,file:real_341,bonafide,val,48000,12.501333333333331
Real_Audios\real_342.wav,0,real,file:real_342,bonafide,test,48000,14.165333333333333
Real_Audios\real_343.wav,0,real,file:real_343,bonafide,test,48000,15.872
Real_Audios\real_344.wav,0,real,file:real_344,bonafide,train,48000,27.626666666666665
Real_Audios\real_345.wav,0,real,file:real_345,bonafide,train,48000,20.586666666666662
Real_Audios\real_346.wav,0,real,file:real_346,bonafide,train,48000,17.429333333333332
Real_Audios\real_347.wav,0,real,file:real_347,bonafide,train,48000,7.317333333333333
Real_Audios\real_348.wav,0,real,file:real_348,bonafide,train,48000,19.882666666666665
Real_Audios\real_349.wav,0,real,file:real_349,bonafide,train,48000,19.84
Real_Audios\real_350.wav,0,real,file:real_350,bonafide,train,48000,16.128
Real_Audios\real_351.wav,0,real,file:real_351,bonafide,train,48000,22.848
Real_Audios\real_352.wav,0,real,file:real_352,bonafide,test,48000,15.872
Real_Audios\real_353.wav,0,real,file:real_353,bonafide,train,48000,16.661333333333335
Real_Audios\real_354.wav,0,real,file:real_354,bonafide,train,48000,20.11733333333333
Real_Audios\real_355.wav,0,real,file:real_355,bonafide,train,48000,15.893333333333333
Real_Audios\real_356.wav,0,real,file:real_356,bonafide,test,48000,17.557333333333332
Real_Audios\real_357.wav,0,real,file:real_357,bonafide,test,48000,13.824
Real_Audios\real_358.wav,0,real,file:real_358,bonafide,train,48000,17.429333333333332
Real_Audios\real_359.wav,0,real,file:real_359,bonafide,train,48000,16.277333333333335
Real_Audios\real_360.wav,0,real,file:real_360,bonafide,test,48000,16.448
Real_Audios\real_361.wav,0,real,file:real_361,bonafide,train,48000,14.229333333333331
Real_Audios\real_362.wav,0,real,file:real_362,bonafide,train,48000,9.984
Real_Audios\real_363.wav,0,real,file:real_363,bonafide,test,48000,10.197333333333331
Real_Audios\real_364.wav,0,real,file:real_364,bonafide,train,48000,8.576
Real_Audios\real_365.wav,0,real,file:real_365,bonafide,test,48000,10.624
Real_Audios\real_366.wav,0,real,file:real_366,bonafide,test,48000,17.813333333333333
Real_Audios\real_367.wav,0,real,file:real_367,bonafide,val,48000,14.186666666666667
Real_Audios\real_368.wav,0,real,file:real_368,bonafide,train,48000,17.728
Real_Audios\real_369.wav,0,real,file:real_369,bonafide,val,48000,15.737833333333333
Real_Audios\real_370.wav,0,real,file:real_370,bonafide,train,48000,18.88
Real_Audios\real_371.wav,0,real,file:real_371,bonafide,val,48000,18.624
Real_Audios\real_372.wav,0,real,file:real_372,bonafide,val,48000,19.52
Real_Audios\real_373.wav,0,real,file:real_373,bonafide,train,48000,20.906666666666663
Real_Audios\real_374.wav,0,real,file:real_374,bonafide,train,48000,15.808
Real_Audios\real_375.wav,0,real,file:real_375,bonafide,train,48000,25.6
Real_Audios\real_376.wav,0,real,file:real_376,bonafide,train,48000,11.818666666666669
Real_Audios\real_377.wav,0,real,file:real_377,bonafide,train,48000,27.264
Real_Audios\real_378.wav,0,real,file:real_378,bonafide,val,48000,16.064
Real_Audios\real_379.wav,0,real,file:real_379,bonafide,train,48000,14.250666666666667
Real_Audios\real_380.wav,0,real,file:real_380,bonafide,train,48000,17.557333333333332
Real_Audios\real_381.wav,0,real,file:real_381,bonafide,test,48000,7.317333333333333
Real_Audios\real_382.wav,0,real,file:real_382,bonafide,train,48000,17.557333333333332
Real_Audios\real_383.wav,0,real,file:real_383,bonafide,train,48000,21.184
Real_Audios\real_384.wav,0,real,file:real_384,bonafide,val,48000,18.410666666666668
Real_Audios\real_385.wav,0,real,file:real_385,bonafide,train,48000,17.92
Real_Audios\real_386.wav,0,real,file:real_386,bonafide,train,48000,18.026666666666667
Real_Audios\real_387.wav,0,real,file:real_387,bonafide,train,48000,16.96
Real_Audios\real_388.wav,0,real,file:real_388,bonafide,train,48000,23.552
Real_Audios\real_389.wav,0,real,file:real_389,bonafide,train,48000,20.906666666666663
Real_Audios\real_390.wav,0,real,file:real_390,bonafide,train,48000,14.186666666666667
Real_Audios\real_391.wav,0,real,file:real_391,bonafide,train,48000,21.738666666666667
Real_Audios\real_392.wav,0,real,file:real_392,bonafide,train,48000,18.837333333333333
Real_Audios\real_393.wav,0,real,file:real_393,bonafide,val,48000,18.624
Real_Audios\real_394.wav,0,real,file:real_394,bonafide,train,48000,16.277333333333335
Real_Audios\real_395.wav,0,real,file:real_395,bonafide,train,48000,16.064
Real_Audios\real_396.wav,0,real,file:real_396,bonafide,val,48000,19.882666666666665
Real_Audios\real_397.wav,0,real,file:real_397,bonafide,test,48000,25.6
Real_Audios\real_398.wav,0,real,file:real_398,bonafide,train,48000,21.248
Real_Audios\real_399.wav,0,real,file:real_399,bonafide,train,48000,19.584
Real_Audios\real_400.wav,0,real,file:real_400,bonafide,train,48000,27.52
Real_Audios\real_401.wav,0,real,file:real_401,bonafide,test,48000,17.728
Real_Audios\real_402.wav,0,real,file:real_402,bonafide,test,48000,21.824
Real_Audios\real_403.wav,0,real,file:real_403,bonafide,test,48000,13.141333333333334
Real_Audios\real_404.wav,0,real,file:real_404,bonafide,train,48000,6.421333333333333
Real_Audios\real_405.wav,0,real,file:real_405,bonafide,val,48000,20.672
Real_Audios\real_406.wav,0,real,file:real_406,bonafide,train,48000,4.736
Real_Audios\real_407.wav,0,real,file:real_407,bonafide,train,48000,4.394666666666667
Real_Audios\real_408.wav,0,real,file:real_408,bonafide,train,48000,8.853333333333333
Real_Audios\real_409.wav,0,real,file:real_409,bonafide,train,48000,3.6266666666666665
Real_Audios\real_410.wav,0,real,file:real_410,bonafide,test,48000,5.9093333333333335
Real_Audios\real_411.wav,0,real,file:real_411,bonafide,train,48000,14.357833333333334
Real_Audios\real_412.wav,0,real,file:real_412,bonafide,train,48000,14.197833333333334
Real_Audios\real_413.wav,0,real,file:real_413,bonafide,test,48000,17.92
Real_Audios\real_414.wav,0,real,file:real_414,bonafide,train,48000,14.417833333333334
Real_Audios\real_415.wav,0,real,file:real_415,bonafide,train,48000,13.937833333333334
Real_Audios\real_416.wav,0,real,file:real_416,bonafide,train,48000,14.577833333333333
Real_Audios\real_417.wav,0,real,file:real_417,bonafide,train,48000,15.777833333333334
Real_Audios\real_418.wav,0,real,file:real_418,bonafide,train,48000,15.937833333333334
Real_Audios\real_419.wav,0,real,file:real_419,bonafide,train,48000,15.477833333333333
Real_Audios\real_420.wav,0,real,file:real_420,bonafide,train,48000,16.03783333333333
Real_Audios\real_421.wav,0,real,file:real_421,bonafide,test,48000,14.037833333333332
Real_Audios\real_422.wav,0,real,file:real_422,bonafide,train,48000,16.997833333333332
Real_Audios\real_423.wav,0,real,file:real_423,bonafide,train,48000,14.437833333333334
Fake_Audios\fake_001.wav,1,fake,file:fake_001,unknown,train,48000,10.445333333333334
Fake_Audios\fake_002.wav,1,fake,file:fake_002,unknown,test,8000,10.469375
Fake_Audios\fake_003.wav,1,fake,file:fake_003,unknown,train,16000,10.4693125
Fake_Audios\fake_004.wav,1,fake,file:fake_004,unknown,val,24000,10.445333333333334
Fake_Audios\fake_005.wav,1,fake,file:fake_005,unknown,train,48000,10.445333333333334
Fake_Audios\fake_006.wav,1,fake,file:fake_006,unknown,train,48000,10.445333333333334
Fake_Audios\fake_007.wav,1,fake,file:fake_007,unknown,train,48000,10.474666666666666
Fake_Audios\fake_008.wav,1,fake,file:fake_008,unknown,test,48000,12.038
Fake_Audios\fake_009.wav,1,fake,file:fake_009,unknown,test,44100,13.830997732426304
Fake_Audios\fake_010.wav,1,fake,file:fake_010,unknown,train,48000,11.730375
Fake_Audios\fake_011.wav,1,fake,file:fake_011,unknown,train,48000,7.685333333333333
Fake_Audios\fake_012.wav,1,fake,file:fake_012,unknown,train,24000,64.49095833333334
Fake_Audios\fake_013.wav,1,fake,file:fake_013,unknown,val,48000,13.225
Fake_Audios\fake_014.wav,1,fake,file:fake_014,unknown,train,48000,16.644979166666666
Fake_Audios\fake_015.wav,1,fake,file:fake_015,unknown,train,48000,21.9
Fake_Audios\fake_016.wav,1,fake,file:fake_016,unknown,train,48000,22.25
Fake_Audios\fake_017.wav,1,fake,file:fake_017,unknown,val,32000,10.09946875
Fake_Audios\fake_018.wav,1,fake,file:fake_018,unknown,train,32000,12.04346875
Fake_Audios\fake_019.wav,1,fake,file:fake_019,unknown,train,32000,11.03546875
Fake_Audios\fake_020.wav,1,fake,file:fake_020,unknown,val,32000,11.39546875
Fake_Audios\fake_021.wav,1,fake,file:fake_021,unknown,train,32000,11.57546875
Fake_Audios\fake_022.wav,1,fake,file:fake_022,unknown,train,32000,40.51946875
Fake_Audios\fake_023.wav,1,fake,file:fake_023,unknown,train,32000,41.95946875
Fake_Audios\fake_024.wav,1,fake,file:fake_024,unknown,train,32000,12.65546875
Fake_Audios\fake_025.wav,1,fake,file:fake_025,unknown,train,32000,11.79146875
Fake_Audios\fake_026.wav,1,fake,file:fake_026,unknown,train,32000,13.19546875
Fake_Audios\fake_027.wav,1,fake,file:fake_027,unknown,train,32000,11.64746875
Fake_Audios\fake_028.wav,1,fake,file:fake_028,unknown,train,32000,11.57546875
Fake_Audios\fake_029.wav,1,fake,file:fake_029,unknown,test,32000,12.43946875
Fake_Audios\fake_030.wav,1,fake,file:fake_030,unknown,train,32000,12.79946875
Fake_Audios\fake_031.wav,1,fake,file:fake_031,unknown,train,32000,10.63946875
Fake_Audios\fake_032.wav,1,fake,file:fake_032,unknown,train,32000,12.22346875
Fake_Audios\fake_033.wav,1,fake,file:fake_033,unknown,val,32000,11.53946875
Fake_Audios\fake_034.wav,1,fake,file:fake_034,unknown,train,32000,11.17946875
Fake_Audios\fake_035.wav,1,fake,file:fake_035,unknown,val,32000,36.66746875
Fake_Audios\fake_036.wav,1,fake,file:fake_036,unknown,train,32000,9.73946875
Fake_Audios\fake_037.wav,1,fake,file:fake_037,unknown,train,32000,14.88746875
Fake_Audios\fake_038.wav,1,fake,file:fake_038,unknown,train,32000,14.02346875
Fake_Audios\fake_039.wav,1,fake,file:fake_039,unknown,train,32000,12.18746875
Fake_Audios\fake_040.wav,1,fake,file:fake_040,unknown,test,24000,29.25795833333333
Fake_Audios\fake_041.wav,1,fake,file:fake_041,unknown,train,48000,9.275
Fake_Audios\fake_042.wav,1,fake,file:fake_042,unknown,train,24000,8.961875
Fake_Audios\fake_043.wav,1,fake,file:fake_043,unknown,train,48000,9.35
Fake_Audios\fake_044.wav,1,fake,file:fake_044,unknown,val,48000,9.8875
Fake_Audios\fake_045.wav,1,fake,file:fake_045,unknown,train,48000,10.35
Fake_Audios\fake_046.wav,1,fake,file:fake_046,unknown,train,48000,10.2
Fake_Audios\fake_047.wav,1,fake,file:fake_047,unknown,train,48000,9.1875
Fake_Audios\fake_048.wav,1,fake,file:fake_048,unknown,train,48000,10.2625
Fake_Audios\fake_049.wav,1,fake,file:fake_049,unknown,train,24000,8.785958333333333
Fake_Audios\fake_050.wav,1,fake,file:fake_050,unknown,train,48000,11.5875
Fake_Audios\fake_051.wav,1,fake,file:fake_051,unknown,train,48000,9.075
Fake_Audios\fake_052.wav,1,fake,file:fake_052,unknown,train,24000,8.875375
Fake_Audios\fake_053.wav,1,fake,file:fake_053,unknown,train,24000,8.961666666666666
Fake_Audios\fake_054.wav,1,fake,file:fake_054,unknown,val,24000,7.9125
Fake_Audios\fake_055.wav,1,fake,file:fake_055,unknown,val,24000,8.833958333333333
Fake_Audios\fake_056.wav,1,fake,file:fake_056,unknown,train,48000,9.2875
Fake_Audios\fake_057.wav,1,fake,file:fake_057,unknown,train,48000,9.25
Fake_Audios\fake_058.wav,1,fake,file:fake_058,unknown,val,48000,8.5125
Fake_Audios\fake_059.wav,1,fake,file:fake_059,unknown,val,48000,28.9125
Fake_Audios\fake_060.wav,1,fake,file:fake_060,unknown,train,32000,13.15946875
Fake_Audios\fake_061.wav,1,fake,file:fake_061,unknown,val,32000,11.79146875
Fake_Audios\fake_062.wav,1,fake,file:fake_062,unknown,test,32000,11.07146875
Fake_Audios\fake_063.wav,1,fake,file:fake_063,unknown,val,48000,17.7
Fake_Audios\fake_064.wav,1,fake,file:fake_064,unknown,test,48000,19.0
Fake_Audios\fake_065.wav,1,fake,file:fake_065,unknown,test,32000,12.18746875
Fake_Audios\fake_066.wav,1,fake,file:fake_066,unknown,train,32000,33.13946875
Fake_Audios\fake_067.wav,1,fake,file:fake_067,unknown,train,32000,12.61946875
Fake_Audios\fake_068.wav,1,fake,file:fake_068,unknown,train,48000,11.0375
Fake_Audios\fake_069.wav,1,fake,file:fake_069,unknown,train,24000,11.544
Fake_Audios\fake_070.wav,1,fake,file:fake_070,unknown,val,24000,11.0205
Fake_Audios\fake_071.wav,1,fake,file:fake_071,unknown,val,24000,11.049833333333334
Fake_Audios\fake_072.wav,1,fake,file:fake_072,unknown,test,24000,13.4475
Fake_Audios\fake_073.wav,1,fake,file:fake_073,unknown,train,24000,10.296
Fake_Audios\fake_074.wav,1,fake,file:fake_074,unknown,test,24000,11.856416666666666
Fake_Audios\fake_075.wav,1,fake,file:fake_075,unknown,val,24000,15.980666666666666
Fake_Audios\fake_076.wav,1,fake,file:fake_076,unknown,test,24000,15.950666666666669
Fake_Audios\fake_077.wav,1,fake,file:fake_077,unknown,test,24000,10.088125
Fake_Audios\fake_078.wav,1,fake,file:fake_078,unknown,train,24000,9.886625
Fake_Audios\fake_079.wav,1,fake,file:fake_079,unknown,train,48000,12.63
Fake_Audios\fake_080.wav,1,fake,file:fake_080,unknown,train,48000,12.63
Fake_Audios\fake_081.wav,1,fake,file:fake_081,unknown,train,24000,10.57325
Fake_Audios\fake_082.wav,1,fake,file:fake_082,unknown,train,24000,12.288
Fake_Audios\fake_083.wav,1,fake,file:fake_083,unknown,train,24000,11.85
Fake_Audios\fake_084.wav,1,fake,file:fake_084,unknown,train,32000,10.35146875
Fake_Audios\fake_085.wav,1,fake,file:fake_085,unknown,train,32000,10.38746875
Fake_Audios\fake_086.wav,1,fake,file:fake_086,unknown,train,32000,12.04346875
Fake_Audios\fake_087.wav,1,fake,file:fake_087,unknown,train,32000,5.15484375
Fake_Audios\fake_088.wav,1,fake,file:fake_088,unknown,test,32000,4.9806875
Fake_Audios\fake_089.wav,1,fake,file:fake_089,unknown,train,32000,29.46746875
Fake_Audios\fake_090.wav,1,fake,file:fake_090,unknown,train,32000,28.99946875
Fake_Audios\fake_091.wav,1,fake,file:fake_091,unknown,val,32000,27.16346875
Fake_Audios\fake_092.wav,1,fake,file:fake_092,unknown,train,32000,40.30346875
Fake_Audios\fake_093.wav,1,fake,file:fake_093,unknown,train,32000,42.06746875
Fake_Audios\fake_094.wav,1,fake,file:fake_094,unknown,val,32000,51.17546875
Fake_Audios\fake_095.wav,1,fake,file:fake_095,unknown,val,32000,52.00346875
Fake_Audios\fake_096.wav,1,fake,file:fake_096,unknown,train,32000,41.77946875
Fake_Audios\fake_097.wav,1,fake,file:fake_097,unknown,train,32000,38.46746875
Fake_Audios\fake_098.wav,1,fake,file:fake_098,unknown,train,32000,48.58346875
Fake_Audios\fake_099.wav,1,fake,file:fake_099,unknown,val,32000,48.51146875
Fake_Audios\fake_100.wav,1,fake,file:fake_100,unknown,train,32000,23.85146875
Fake_Audios\fake_101.wav,1,fake,file:fake_101,unknown,train,32000,31.59146875
Fake_Audios\fake_102.wav,1,fake,file:fake_102,unknown,val,32000,43.68746875
Fake_Audios\fake_103.wav,1,fake,file:fake_103,unknown,train,48000,53.05
Fake_Audios\fake_104.wav,1,fake,file:fake_104,unknown,train,48000,58.7375
Fake_Audios\fake_105.wav,1,fake,file:fake_105,unknown,train,48000,39.325
Fake_Audios\fake_106.wav,1,fake,file:fake_106,unknown,train,24000,36.5375
Fake_Audios\fake_107.wav,1,fake,file:fake_107,unknown,train,48000,42.0375
Fake_Audios\fake_108.wav,1,fake,file:fake_108,unknown,train,48000,48.7875
Fake_Audios\fake_109.wav,1,fake,file:fake_109,unknown,train,48000,53.1
Fake_Audios\fake_110.wav,1,fake,file:fake_110,unknown,train,24000,49.99645833333334
Fake_Audios\fake_111.wav,1,fake,file:fake_111,unknown,train,48000,47.075
Fake_Audios\fake_112.wav,1,fake,file:fake_112,unknown,train,48000,47.075
Fake_Audios\fake_113.wav,1,fake,file:fake_113,unknown,train,48000,55.575
Fake_Audios\fake_114.wav,1,fake,file:fake_114,unknown,train,32000,11.32346875
Fake_Audios\fake_115.wav,1,fake,file:fake_115,unknown,train,44100,6.4
Fake_Audios\fake_116.wav,1,fake,file:fake_116,unknown,val,44100,6.687346938775511
Fake_Audios\fake_117.wav,1,fake,file:fake_117,unknown,train,44100,9.09061224489796
Fake_Audios\fake_118.wav,1,fake,file:fake_118,unknown,train,44100,9.560816326530611
Fake_Audios\fake_119.wav,1,fake,file:fake_119,unknown,val,44100,8.019591836734694
Fake_Audios\fake_120.wav,1,fake,file:fake_120,unknown,test,44100,9.508571428571427
Fake_Audios\fake_121.wav,1,fake,file:fake_121,unknown,train,44100,8.907755102040817
Fake_Audios\fake_122.wav,1,fake,file:fake_122,unknown,val,44100,10.213877551020408
Fake_Audios\fake_123.wav,1,fake,file:fake_123,unknown,train,44100,9.743673469387756
Fake_Audios\fake_124.wav,1,fake,file:fake_124,unknown,train,44100,12.8
Fake_Audios\fake_125.wav,1,fake,file:fake_125,unknown,train,44100,10.344489795918369
Fake_Audios\fake_126.wav,1,fake,file:fake_126,unknown,train,44100,10.057142857142855
Fake_Audios\fake_127.wav,1,fake,file:fake_127,unknown,test,44100,8.672653061224489
Fake_Audios\fake_128.wav,1,fake,file:fake_128,unknown,test,44100,9.09061224489796
Fake_Audios\fake_129.wav,1,fake,file:fake_129,unknown,train,44100,9.325714285714286
Fake_Audios\fake_130.wav,1,fake,file:fake_130,unknown,train,44100,8.124081632653061
Fake_Audios\fake_131.wav,1,fake,file:fake_131,unknown,train,44100,8.489795918367347
Fake_Audios\fake_132.wav,1,fake,file:fake_132,unknown,test,48000,27.525
Fake_Audios\fake_133.wav,1,fake,file:fake_133,unknown,train,48000,13.296
Fake_Audios\fake_134.wav,1,fake,file:fake_134,unknown,train,48000,12.6
Fake_Audios\fake_135.wav,1,fake,file:fake_135,unknown,train,48000,13.75
Fake_Audios\fake_136.wav,1,fake,file:fake_136,unknown,train,48000,13.824
Fake_Audios\fake_137.wav,1,fake,file:fake_137,unknown,train,48000,13.15
Fake_Audios\fake_138.wav,1,fake,file:fake_138,unknown,train,48000,11.496
Fake_Audios\fake_139.wav,1,fake,file:fake_139,unknown,train,48000,13.225020833333334
Fake_Audios\fake_140.wav,1,fake,file:fake_140,unknown,train,48000,13.35
Fake_Audios\fake_141.wav,1,fake,file:fake_141,unknown,train,48000,13.35
Fake_Audios\fake_142.wav,1,fake,file:fake_142,unknown,train,48000,14.45
Fake_Audios\fake_143.wav,1,fake,file:fake_143,unknown,test,48000,15.072
Fake_Audios\fake_144.wav,1,fake,file:fake_144,unknown,val,48000,12.816
Fake_Audios\fake_145.wav,1,fake,file:fake_145,unknown,train,48000,14.125
Fake_Audios\fake_146.wav,1,fake,file:fake_146,unknown,train,48000,12.072
Fake_Audios\fake_147.wav,1,fake,file:fake_147,unknown,train,48000,30.025
Fake_Audios\fake_148.wav,1,fake,file:fake_148,unknown,val,48000,12.36
Fake_Audios\fake_149.wav,1,fake,file:fake_149,unknown,val,48000,12.36
Fake_Audios\fake_150.wav,1,fake,file:fake_150,unknown,test,48000,13.248
Fake_Audios\fake_151.wav,1,fake,file:fake_151,unknown,test,48000,12.696
Fake_Audios\fake_152.wav,1,fake,file:fake_152,unknown,train,48000,12.624
Fake_Audios\fake_153.wav,1,fake,file:fake_153,unknown,train,48000,12.48
Fake_Audios\fake_154.wav,1,fake,file:fake_154,unknown,train,48000,15.15
Fake_Audios\fake_155.wav,1,fake,file:fake_155,unknown,test,48000,12.36
Fake_Audios\fake_156.wav,1,fake,file:fake_156,unknown,train,48000,12.336
Fake_Audios\fake_157.wav,1,fake,file:fake_157,unknown,train,48000,12.9
Fake_Audios\fake_158.wav,1,fake,file:fake_158,unknown,train,48000,12.48
Fake_Audios\fake_159.wav,1,fake,file:fake_159,unknown,train,48000,11.952
Fake_Audios\fake_160.wav,1,fake,file:fake_160,unknown,val,48000,11.952
Fake_Audios\fake_161.wav,1,fake,file:fake_161,unknown,train,48000,12.336
Fake_Audios\fake_162.wav,1,fake,file:fake_162,unknown,val,48000,13.632020833333334
Fake_Audios\fake_163.wav,1,fake,file:fake_163,unknown,train,48000,13.44
Fake_Audios\fake_164.wav,1,fake,file:fake_164,unknown,train,48000,12.432
Fake_Audios\fake_165.wav,1,fake,file:fake_165,unknown,train,48000,14.736
Fake_Audios\fake_166.wav,1,fake,file:fake_166,unknown,train,48000,14.088
Fake_Audios\fake_167.wav,1,fake,file:fake_167,unknown,train,48000,14.592
Fake_Audios\fake_168.wav,1,fake,file:fake_168,unknown,val,48000,12.984
Fake_Audios\fake_169.wav,1,fake,file:fake_169,unknown,train,48000,15.576
Fake_Audios\fake_170.wav,1,fake,file:fake_170,unknown,train,48000,13.584
Fake_Audios\fake_171.wav,1,fake,file:fake_171,unknown,train,48000,14.592
Fake_Audios\fake_172.wav,1,fake,file:fake_172,unknown,train,48000,13.848
Fake_Audios\fake_173.wav,1,fake,file:fake_173,unknown,train,48000,14.376
Fake_Audios\fake_174.wav,1,fake,file:fake_174,unknown,train,48000,27.575
Fake_Audios\fake_175.wav,1,fake,file:fake_175,unknown,train,24000,32.14
Fake_Audios\fake_176.wav,1,fake,file:fake_176,unknown,test,48000,14.045333333333334
Fake_Audios\fake_177.wav,1,fake,file:fake_177,unknown,test,48000,14.909333333333333
Fake_Audios\fake_178.wav,1,fake,file:fake_178,unknown,val,24000,16.176
Fake_Audios\fake_179.wav,1,fake,file:fake_179,unknown,train,24000,17.856
Fake_Audios\fake_180.wav,1,fake,file:fake_180,unknown,train,16000,16.425
Fake_Audios\fake_181.wav,1,fake,file:fake_181,unknown,test,16000,13.87
Fake_Audios\fake_182.wav,1,fake,file:fake_182,unknown,test,24000,16.704
Fake_Audios\fake_183.wav,1,fake,file:fake_183,unknown,train,24000,18.216
Fake_Audios\fake_184.wav,1,fake,file:fake_184,unknown,train,24000,19.512
Fake_Audios\fake_185.wav,1,fake,file:fake_185,unknown,val,24000,17.952
Fake_Audios\fake_186.wav,1,fake,file:fake_186,unknown,train,24000,16.2
Fake_Audios\fake_187.wav,1,fake,file:fake_187,unknown,train,16000,16.875
Fake_Audios\fake_188.wav,1,fake,file:fake_188,unknown,train,16000,19.18
Fake_Audios\fake_189.wav,1,fake,file:fake_189,unknown,train,24000,20.832
Fake_Audios\fake_190.wav,1,fake,file:fake_190,unknown,train,8000,15.670125
Fake_Audios\fake_191.wav,1,fake,file:fake_191,unknown,val,24000,16.848
Fake_Audios\fake_192.wav,1,fake,file:fake_192,unknown,test,24000,16.08
Fake_Audios\fake_193.wav,1,fake,file:fake_193,unknown,test,24000,15.84
Fake_Audios\fake_194.wav,1,fake,file:fake_194,unknown,train,24000,16.848
Fake_Audios\fake_195.wav,1,fake,file:fake_195,unknown,train,24000,17.112
Fake_Audios\fake_196.wav,1,fake,file:fake_196,unknown,train,24000,17.112
Fake_Audios\fake_197.wav,1,fake,file:fake_197,unknown,test,24000,15.936
Fake_Audios\fake_198.wav,1,fake,file:fake_198,unknown,val,44100,14.55891156462585
Fake_Audios\fake_199.wav,1,fake,file:fake_199,unknown,val,24000,23.016
Fake_Audios\fake_200.wav,1,fake,file:fake_200,unknown,train,24000,19.656
Fake_Audios\fake_201.wav,1,fake,file:fake_201,unknown,train,24000,20.28
Fake_Audios\fake_202.wav,1,fake,file:fake_202,unknown,train,24000,21.264
Fake_Audios\fake_203.wav,1,fake,file:fake_203,unknown,train,32000,14.41959375
Fake_Audios\fake_204.wav,1,fake,file:fake_204,unknown,train,24000,10.632
Fake_Audios\fake_205.wav,1,fake,file:fake_205,unknown,train,24000,16.872
Fake_Audios\fake_206.wav,1,fake,file:fake_206,unknown,train,24000,17.952
Fake_Audios\fake_207.wav,1,fake,file:fake_207,unknown,train,24000,15.108916666666667
Fake_Audios\fake_208.wav,1,fake,file:fake_208,unknown,test,16000,15.052875
Fake_Audios\fake_209.wav,1,fake,file:fake_209,unknown,train,16000,15.052875
Fake_Audios\fake_210.wav,1,fake,file:fake_210,unknown,train,24000,17.64
Fake_Audios\fake_211.wav,1,fake,file:fake_211,unknown,val,24000,19.656
Fake_Audios\fake_212.wav,1,fake,file:fake_212,unknown,val,24000,4.824
Fake_Audios\fake_213.wav,1,fake,file:fake_213,unknown,train,48000,15.9875
Fake_Audios\fake_214.wav,1,fake,file:fake_214,unknown,train,24000,14.165
Fake_Audios\fake_215.wav,1,fake,file:fake_215,unknown,train,24000,19.008
Fake_Audios\fake_216.wav,1,fake,file:fake_216,unknown,train,24000,19.248
Fake_Audios\fake_217.wav,1,fake,file:fake_217,unknown,train,48000,16.0875
Fake_Audios\fake_218.wav,1,fake,file:fake_218,unknown,test,48000,14.525333333333334
Fake_Audios\fake_219.wav,1,fake,file:fake_219,unknown,train,24000,14.569958333333334
Fake_Audios\fake_220.wav,1,fake,file:fake_220,unknown,train,48000,13.75
Fake_Audios\fake_221.wav,1,fake,file:fake_221,unknown,train,48000,14.1625
Fake_Audios\fake_222.wav,1,fake,file:fake_222,unknown,test,44100,7.894784580498866
Fake_Audios\fake_223.wav,1,fake,file:fake_223,unknown,train,44100,7.430385487528345
Fake_Audios\fake_224.wav,1,fake,file:fake_224,unknown,train,44100,6.873106575963718
Fake_Audios\fake_225.wav,1,fake,file:fake_225,unknown,val,32000,7.65146875
Fake_Audios\fake_226.wav,1,fake,file:fake_226,unknown,train,32000,7.61546875
Fake_Audios\fake_227.wav,1,fake,file:fake_227,unknown,train,32000,8.65946875
Fake_Audios\fake_228.wav,1,fake,file:fake_228,unknown,test,32000,10.42346875
Fake_Audios\fake_229.wav,1,fake,file:fake_229,unknown,train,48000,14.525333333333334
Fake_Audios\fake_230.wav,1,fake,file:fake_230,unknown,train,32000,10.42346875
Fake_Audios\fake_231.wav,1,fake,file:fake_231,unknown,train,32000,14.23946875
Fake_Audios\fake_232.wav,1,fake,file:fake_232,unknown,test,24000,19.008
Fake_Audios\fake_233.wav,1,fake,file:fake_233,unknown,train,24000,19.008
Fake_Audios\fake_234.wav,1,fake,file:fake_234,unknown,train,24000,18.384
Fake_Audios\fake_235.wav,1,fake,file:fake_235,unknown,train,44100,7.801904761904762
Fake_Audios\fake_236.wav,1,fake,file:fake_236,unknown,train,44100,7.801904761904762
Fake_Audios\fake_237.wav,1,fake,file:fake_237,unknown,test,44100,7.894784580498866
Fake_Audios\fake_238.wav,1,fake,file:fake_238,unknown,train,32000,9.12746875
Fake_Audios\fake_239.wav,1,fake,file:fake_239,unknown,train,32000,30.11546875
Fake_Audios\fake_240.wav,1,fake,file:fake_240,unknown,train,24000,8.043958333333334
Fake_Audios\fake_241.wav,1,fake,file:fake_241,unknown,train,32000,42.06746875
Fake_Audios\fake_242.wav,1,fake,file:fake_242,unknown,val,24000,14.752041666666669
Fake_Audios\fake_243.wav,1,fake,file:fake_243,unknown,train,32000,33.89546875
Fake_Audios\fake_244.wav,1,fake,file:fake_244,unknown,train,24000,7.605291666666667
Fake_Audios\fake_245.wav,1,fake,file:fake_245,unknown,test,32000,45.73946875
Fake_Audios\fake_246.wav,1,fake,file:fake_246,unknown,train,24000,8.408375
Fake_Audios\fake_247.wav,1,fake,file:fake_247,unknown,val,32000,30.79946875
Fake_Audios\fake_248.wav,1,fake,file:fake_248,unknown,val,24000,8.822083333333333
Fake_Audios\fake_249.wav,1,fake,file:fake_249,unknown,train,32000,21.54746875
Fake_Audios\fake_250.wav,1,fake,file:fake_250,unknown,test,24000,10.261708333333331
Fake_Audios\fake_251.wav,1,fake,file:fake_251,unknown,train,32000,21.54746875
Fake_Audios\fake_252.wav,1,fake,file:fake_252,unknown,test,24000,8.609875
Fake_Audios\fake_253.wav,1,fake,file:fake_253,unknown,train,32000,36.95546875
Fake_Audios\fake_254.wav,1,fake,file:fake_254,unknown,train,24000,9.260666666666667
Fake_Audios\fake_255.wav,1,fake,file:fake_255,unknown,val,32000,28.81946875
Fake_Audios\fake_256.wav,1,fake,file:fake_256,unknown,train,24000,8.171916666666666
Fake_Audios\fake_257.wav,1,fake,file:fake_257,unknown,val,32000,52.75946875
Fake_Audios\fake_258.wav,1,fake,file:fake_258,unknown,val,24000,9.342916666666667
Fake_Audios\fake_259.wav,1,fake,file:fake_259,unknown,train,32000,35.83946875
Fake_Audios\fake_260.wav,1,fake,file:fake_260,unknown,train,24000,7.382416666666667
Fake_Audios\fake_261.wav,1,fake,file:fake_261,unknown,train,32000,25.39946875
Fake_Audios\fake_262.wav,1,fake,file:fake_262,unknown,train,24000,7.7075
Fake_Audios\fake_263.wav,1,fake,file:fake_263,unknown,train,24000,18.432
Fake_Audios\fake_264.wav,1,fake,file:fake_264,unknown,train,44100,7.616145124716553
Fake_Audios\fake_265.wav,1,fake,file:fake_265,unknown,train,44100,7.337505668934241
Fake_Audios\fake_266.wav,1,fake,file:fake_266,unknown,train,44100,7.523265306122449
Fake_Audios\fake_267.wav,1,fake,file:fake_267,unknown,train,24000,23.016
Fake_Audios\fake_268.wav,1,fake,file:fake_268,unknown,train,24000,21.264
Fake_Audios\fake_269.wav,1,fake,file:fake_269,unknown,train,24000,19.968
Fake_Audios\fake_270.wav,1,fake,file:fake_270,unknown,val,24000,19.368
Fake_Audios\fake_271.wav,1,fake,file:fake_271,unknown,train,48000,17.4625
Fake_Audios\fake_272.wav,1,fake,file:fake_272,unknown,val,22050,20.32625850340136
Fake_Audios\fake_273.wav,1,fake,file:fake_273,unknown,train,48000,20.4
Fake_Audios\fake_274.wav,1,fake,file:fake_274,unknown,train,24000,18.024
Fake_Audios\fake_275.wav,1,fake,file:fake_275,unknown,train,24000,20.304
Fake_Audios\fake_276.wav,1,fake,file:fake_276,unknown,val,24000,8.660625
Fake_Audios\fake_277.wav,1,fake,file:fake_277,unknown,test,48000,15.575
Fake_Audios\fake_278.wav,1,fake,file:fake_278,unknown,train,24000,10.400875
Fake_Audios\fake_279.wav,1,fake,file:fake_279,unknown,test,48000,15.6
Fake_Audios\fake_280.wav,1,fake,file:fake_280,unknown,test,24000,10.400875
Fake_Audios\fake_281.wav,1,fake,file:fake_281,unknown,test,48000,16.632
Fake_Audios\fake_282.wav,1,fake,file:fake_282,unknown,train,24000,7.464041666666667
Fake_Audios\fake_283.wav,1,fake,file:fake_283,unknown,train,48000,19.464
Fake_Audios\fake_284.wav,1,fake,file:fake_284,unknown,train,24000,9.987083333333333
Fake_Audios\fake_285.wav,1,fake,file:fake_285,unknown,train,48000,20.424
Fake_Audios\fake_286.wav,1,fake,file:fake_286,unknown,train,24000,10.495375
Fake_Audios\fake_287.wav,1,fake,file:fake_287,unknown,train,48000,19.104
Fake_Audios\fake_288.wav,1,fake,file:fake_288,unknown,train,24000,10.369625
Fake_Audios\fake_289.wav,1,fake,file:fake_289,unknown,test,48000,18.48
Fake_Audios\fake_290.wav,1,fake,file:fake_290,unknown,train,24000,10.369625
Fake_Audios\fake_291.wav,1,fake,file:fake_291,unknown,test,48000,19.128
Fake_Audios\fake_292.wav,1,fake,file:fake_292,unknown,train,24000,8.755625
Fake_Audios\fake_293.wav,1,fake,file:fake_293,unknown,train,48000,19.344
Fake_Audios\fake_294.wav,1,fake,file:fake_294,unknown,train,24000,20.952
Fake_Audios\fake_295.wav,1,fake,file:fake_295,unknown,train,24000,8.755625
Fake_Audios\fake_296.wav,1,fake,file:fake_296,unknown,test,48000,15.875
Fake_Audios\fake_297.wav,1,fake,file:fake_297,unknown,train,24000,12.761541666666666
Fake_Audios\fake_298.wav,1,fake,file:fake_298,unknown,train,48000,14.95
Fake_Audios\fake_299.wav,1,fake,file:fake_299,unknown,train,24000,9.973291666666666
Fake_Audios\fake_300.wav,1,fake,file:fake_300,unknown,train,48000,16.775
Fake_Audios\fake_301.wav,1,fake,file:fake_301,unknown,test,24000,11.591833333333334
Fake_Audios\fake_302.wav,1,fake,file:fake_302,unknown,test,48000,16.525
Fake_Audios\fake_303.wav,1,fake,file:fake_303,unknown,val,24000,11.391666666666667
Fake_Audios\fake_304.wav,1,fake,file:fake_304,unknown,train,48000,15.725
Fake_Audios\fake_305.wav,1,fake,file:fake_305,unknown,train,24000,11.391666666666667
Fake_Audios\fake_306.wav,1,fake,file:fake_306,unknown,val,48000,20.016
Fake_Audios\fake_307.wav,1,fake,file:fake_307,unknown,train,24000,10.21925
Fake_Audios\fake_308.wav,1,fake,file:fake_308,unknown,val,48000,17.016
Fake_Audios\fake_309.wav,1,fake,file:fake_309,unknown,train,48000,14.889375
Fake_Audios\fake_310.wav,1,fake,file:fake_310,unknown,test,48000,15.84
Fake_Audios\fake_311.wav,1,fake,file:fake_311,unknown,test,48000,13.4023125
Fake_Audios\fake_312.wav,1,fake,file:fake_312,unknown,val,48000,16.45
Fake_Audios\fake_313.wav,1,fake,file:fake_313,unknown,train,24000,17.930958333333333
Fake_Audios\fake_314.wav,1,fake,file:fake_314,unknown,train,24000,20.952
Fake_Audios\fake_315.wav,1,fake,file:fake_315,unknown,train,24000,21.610958333333333
Fake_Audios\fake_316.wav,1,fake,file:fake_316,unknown,val,24000,17.610958333333333
Fake_Audios\fake_317.wav,1,fake,file:fake_317,unknown,train,24000,15.890958333333334
Fake_Audios\fake_318.wav,1,fake,file:fake_318,unknown,train,24000,15.890958333333334
Fake_Audios\fake_319.wav,1,fake,file:fake_319,unknown,train,24000,18.97095833333333
Fake_Audios\fake_320.wav,1,fake,file:fake_320,unknown,val,24000,15.370958333333334
Fake_Audios\fake_321.wav,1,fake,file:fake_321,unknown,train,24000,12.930958333333333
Fake_Audios\fake_322.wav,1,fake,file:fake_322,unknown,train,24000,11.330958333333331
Fake_Audios\fake_323.wav,1,fake,file:fake_323,unknown,train,24000,10.650958333333334
Fake_Audios\fake_324.wav,1,fake,file:fake_324,unknown,val,24000,12.210958333333334
Fake_Audios\fake_325.wav,1,fake,file:fake_325,unknown,train,24000,17.904
Fake_Audios\fake_326.wav,1,fake,file:fake_326,unknown,train,24000,20.250958333333333
Fake_Audios\fake_327.wav,1,fake,file:fake_327,unknown,train,24000,18.33095833333333
Fake_Audios\fake_328.wav,1,fake,file:fake_328,unknown,test,24000,18.610958333333333
Fake_Audios\fake_329.wav,1,fake,file:fake_329,unknown,val,24000,3.84
Fake_Audios\fake_330.wav,1,fake,file:fake_330,unknown,train,32000,9.05546875
Fake_Audios\fake_331.wav,1,fake,file:fake_331,unknown,train,32000,9.66746875
Fake_Audios\fake_332.wav,1,fake,file:fake_332,unknown,train,32000,8.80346875
Fake_Audios\fake_333.wav,1,fake,file:fake_333,unknown,train,32000,11.53946875
Fake_Audios\fake_334.wav,1,fake,file:fake_334,unknown,train,32000,9.66746875
Fake_Audios\fake_335.wav,1,fake,file:fake_335,unknown,train,32000,11.82746875
Fake_Audios\fake_336.wav,1,fake,file:fake_336,unknown,train,24000,24.41733333333333
Fake_Audios\fake_337.wav,1,fake,file:fake_337,unknown,test,24000,19.536
Fake_Audios\fake_338.wav,1,fake,file:fake_338,unknown,train,24000,17.4
Fake_Audios\fake_339.wav,1,fake,file:fake_339,unknown,train,24000,18.48
Fake_Audios\fake_340.wav,1,fake,file:fake_340,unknown,train,24000,18.384
Fake_Audios\fake_341.wav,1,fake,file:fake_341,unknown,val,24000,20.832
Fake_Audios\fake_342.wav,1,fake,file:fake_342,unknown,train,24000,21.264
Fake_Audios\fake_343.wav,1,fake,file:fake_343,unknown,train,24000,23.016
Fake_Audios\fake_344.wav,1,fake,file:fake_344,unknown,train,24000,18.648
Fake_Audios\fake_345.wav,1,fake,file:fake_345,unknown,train,24000,20.952
Fake_Audios\fake_346.wav,1,fake,file:fake_346,unknown,train,24000,18.264
Fake_Audios\fake_347.wav,1,fake,file:fake_347,unknown,train,24000,18.552
Fake_Audios\fake_348.wav,1,fake,file:fake_348,unknown,train,24000,15.84
Fake_Audios\fake_349.wav,1,fake,file:fake_349,unknown,train,24000,17.112
Fake_Audios\fake_350.wav,1,fake,file:fake_350,unknown,train,24000,17.112
Fake_Audios\fake_351.wav,1,fake,file:fake_351,unknown,test,24000,17.832
Fake_Audios\fake_352.wav,1,fake,file:fake_352,unknown,test,24000,18.672
Fake_Audios\fake_353.wav,1,fake,file:fake_353,unknown,val,24000,18.84
Fake_Audios\fake_354.wav,1,fake,file:fake_354,unknown,train,24000,22.536
Fake_Audios\fake_355.wav,1,fake,file:fake_355,unknown,test,24000,19.584
Fake_Audios\fake_356.wav,1,fake,file:fake_356,unknown,train,48000,12.4
Fake_Audios\fake_357.wav,1,fake,file:fake_357,unknown,train,48000,9.2
Fake_Audios\fake_358.wav,1,fake,file:fake_358,unknown,train,48000,9.2
Fake_Audios\fake_359.wav,1,fake,file:fake_359,unknown,train,48000,9.2
Fake_Audios\fake_360.wav,1,fake,file:fake_360,unknown,train,48000,9.2
Fake_Audios\fake_361.wav,1,fake,file:fake_361,unknown,val,48000,9.2
Fake_Audios\fake_362.wav,1,fake,file:fake_362,unknown,train,48000,9.2
Fake_Audios\fake_363.wav,1,fake,file:fake_363,unknown,val,48000,9.2
Fake_Audios\fake_364.wav,1,fake,file:fake_364,unknown,train,48000,9.2
Fake_Audios\fake_365.wav,1,fake,file:fake_365,unknown,test,48000,9.2
Fake_Audios\fake_366.wav,1,fake,file:fake_366,unknown,train,48000,9.2
Fake_Audios\fake_367.wav,1,fake,file:fake_367,unknown,train,48000,12.4
Fake_Audios\fake_368.wav,1,fake,file:fake_368,unknown,test,48000,19.0
Fake_Audios\fake_369.wav,1,fake,file:fake_369,unknown,train,48000,19.0
Fake_Audios\fake_370.wav,1,fake,file:fake_370,unknown,train,48000,15.725
Fake_Audios\fake_371.wav,1,fake,file:fake_371,unknown,train,48000,13.95
Fake_Audios\fake_372.wav,1,fake,file:fake_372,unknown,train,48000,9.15
Fake_Audios\fake_373.wav,1,fake,file:fake_373,unknown,train,48000,9.2
Fake_Audios\fake_374.wav,1,fake,file:fake_374,unknown,train,48000,9.2
Fake_Audios\fake_375.wav,1,fake,file:fake_375,unknown,train,48000,12.4
Fake_Audios\fake_376.wav,1,fake,file:fake_376,unknown,train,22050,10.46934240362812
Fake_Audios\fake_377.wav,1,fake,file:fake_377,unknown,train,24000,10.304208333333332
Fake_Audios\fake_378.wav,1,fake,file:fake_378,unknown,train,24000,10.304208333333332
Fake_Audios\fake_379.wav,1,fake,file:fake_379,unknown,train,24000,10.520833333333334
Fake_Audios\fake_380.wav,1,fake,file:fake_380,unknown,train,24000,7.028125
Fake_Audios\fake_381.wav,1,fake,file:fake_381,unknown,train,24000,9.207833333333332
Fake_Audios\fake_382.wav,1,fake,file:fake_382,unknown,train,24000,5.131916666666666
Fake_Audios\fake_383.wav,1,fake,file:fake_383,unknown,train,24000,7.890708333333333
Fake_Audios\fake_384.wav,1,fake,file:fake_384,unknown,val,24000,7.738208333333334
Fake_Audios\fake_385.wav,1,fake,file:fake_385,unknown,test,24000,10.123083333333334
Fake_Audios\fake_386.wav,1,fake,file:fake_386,unknown,train,24000,6.16575
Fake_Audios\fake_387.wav,1,fake,file:fake_387,unknown,test,24000,8.567833333333333
Fake_Audios\fake_388.wav,1,fake,file:fake_388,unknown,train,24000,15.618083333333333
Fake_Audios\fake_389.wav,1,fake,file:fake_389,unknown,train,24000,10.298666666666668
Fake_Audios\fake_390.wav,1,fake,file:fake_390,unknown,train,24000,9.73925
Fake_Audios\fake_391.wav,1,fake,file:fake_391,unknown,train,24000,7.649666666666667
Fake_Audios\fake_392.wav,1,fake,file:fake_392,unknown,test,24000,8.996791666666667
Fake_Audios\fake_393.wav,1,fake,file:fake_393,unknown,train,24000,9.640333333333333
Fake_Audios\fake_394.wav,1,fake,file:fake_394,unknown,train,24000,9.536541666666666
Fake_Audios\fake_395.wav,1,fake,file:fake_395,unknown,train,24000,9.536541666666666
Fake_Audios\fake_396.wav,1,fake,file:fake_396,unknown,train,24000,11.790083333333332
Fake_Audios\fake_397.wav,1,fake,file:fake_397,unknown,train,24000,8.179166666666667
Fake_Audios\fake_398.wav,1,fake,file:fake_398,unknown,train,24000,9.384958333333334
Fake_Audios\fake_399.wav,1,fake,file:fake_399,unknown,train,24000,12.097291666666669
Fake_Audios\fake_400.wav,1,fake,file:fake_400,unknown,train,24000,9.058
Fake_Audios\fake_401.wav,1,fake,file:fake_401,unknown,train,24000,8.518666666666666
Fake_Audios\fake_402.wav,1,fake,file:fake_402,unknown,val,24000,7.903041666666667
Fake_Audios\fake_403.wav,1,fake,file:fake_403,unknown,train,24000,7.119958333333333
Fake_Audios\fake_404.wav,1,fake,file:fake_404,unknown,train,24000,8.05525
Fake_Audios\fake_405.wav,1,fake,file:fake_405,unknown,train,24000,9.813333333333333
Fake_Audios\fake_406.wav,1,fake,file:fake_406,unknown,train,24000,7.649666666666667
Fake_Audios\fake_407.wav,1,fake,file:fake_407,unknown,test,24000,7.85475
Fake_Audios\fake_408.wav,1,fake,file:fake_408,unknown,train,24000,11.870083333333334
Fake_Audios\fake_409.wav,1,fake,file:fake_409,unknown,train,24000,7.903041666666667
Fake_Audios\fake_410.wav,1,fake,file:fake_410,unknown,train,24000,8.496791666666667
Fake_Audios\fake_411.wav,1,fake,file:fake_411,unknown,test,24000,7.942208333333333
Fake_Audios\fake_412.wav,1,fake,file:fake_412,unknown,train,24000,8.05525
Fake_Audios\fake_413.wav,1,fake,file:fake_413,unknown,train,24000,10.112
Fake_Audios\fake_414.wav,1,fake,file:fake_414,unknown,train,24000,12.195916666666667
Fake_Audios\fake_415.wav,1,fake,file:fake_415,unknown,val,24000,10.112
Fake_Audios\fake_416.wav,1,fake,file:fake_416,unknown,train,44100,6.594467120181406
Fake_Audios\fake_417.wav,1,fake,file:fake_417,unknown,train,44100,7.383945578231293
Fake_Audios\fake_418.wav,1,fake,file:fake_418,unknown,train,44100,21.08371882086168
Fake_Audios\fake_419.wav,1,fake,file:fake_419,unknown,train,44100,17.136326530612244
Fake_Audios\fake_420.wav,1,fake,file:fake_420,unknown,test,44100,18.436643990929703
Fake_Audios\fake_421.wav,1,fake,file:fake_421,unknown,train,44100,16.671927437641724
Fake_Audios\fake_422.wav,1,fake,file:fake_422,unknown,val,44100,13.37469387755102
Fake_Audios\fake_423.wav,1,fake,file:fake_423,unknown,train,44100,13.37469387755102
Fake_Audios\fake_424.wav,1,fake,file:fake_424,unknown,train,44100,10.588299319727891
Fake_Audios\fake_425.wav,1,fake,file:fake_425,unknown,train,44100,10.588299319727891
Fake_Audios\fake_426.wav,1,fake,file:fake_426,unknown,train,44100,19.736961451247165
Fake_Audios\fake_427.wav,1,fake,file:fake_427,unknown,train,44100,11.099138321995463
Fake_Audios\fake_428.wav,1,fake,file:fake_428,unknown,train,44100,21.408798185941045
Fake_Audios\fake_429.wav,1,fake,file:fake_429,unknown,train,44100,18.11156462585034
Fake_Audios\fake_430.wav,1,fake,file:fake_430,unknown,train,44100,18.99392290249433
Fake_Audios\fake_431.wav,1,fake,file:fake_431,unknown,train,44100,16.671927437641724
